Title,Date,Rank,Gross,%YD,%LW,Theaters,Per Theater,Total Gross,Days
Avatar: The Way of Water (2022),2022-12-15T00:00:00Z,P,17000000,,,0,,17000000,
Avatar: The Way of Water (2022),2022-12-16T00:00:00Z,1,53200270,,,4202,12661.0,53200270,1.0
Avatar: The Way of Water (2022),2022-12-17T00:00:00Z,1,44327887,-17,,4202,10549.0,97528157,2.0
Avatar: The Way of Water (2022),2022-12-18T00:00:00Z,1,36572069,-17,,4202,8703.0,134100226,3.0
Avatar: The Way of Water (2022),2022-12-19T00:00:00Z,1,16257078,-56,,4202,3869.0,150357304,4.0
Avatar: The Way of Water (2022),2022-12-20T00:00:00Z,1,18288904,+12,,4202,4352.0,168646208,5.0
Avatar: The Way of Water (2022),2022-12-21T00:00:00Z,1,14403438,-21,,4202,3428.0,183049646,6.0
Avatar: The Way of Water (2022),2022-12-22T00:00:00Z,1,14632040,+2,,4202,3482.0,197681686,7.0
Avatar: The Way of Water (2022),2022-12-23T00:00:00Z,1,19289141,+32,-64,4202,4590.0,216970827,8.0
Avatar: The Way of Water (2022),2022-12-24T00:00:00Z,1,14869288,-23,-66,4202,3539.0,231840115,9.0
Avatar: The Way of Water (2022),2022-12-25T00:00:00Z,1,29179791,+96,-20,4202,6944.0,261019906,10.0
Avatar: The Way of Water (2022),2022-12-26T00:00:00Z,1,32270430,+11,+99,4202,7680.0,293290336,11.0
Avatar: The Way of Water (2022),2022-12-27T00:00:00Z,1,24128503,-25,+32,4202,5742.0,317418839,12.0
Avatar: The Way of Water (2022),2022-12-28T00:00:00Z,1,20582014,-15,+43,4202,4898.0,338000853,13.0
Avatar: The Way of Water (2022),2022-12-29T00:00:00Z,1,20117061,-2,+37,4202,4787.0,358117914,14.0
Avatar: The Way of Water (2022),2022-12-30T00:00:00Z,1,24836835,+23,+29,4202,5911.0,382954749,15.0
Avatar: The Way of Water (2022),2022-12-31T00:00:00Z,1,18053159,-27,+21,4202,4296.0,401007908,16.0
Avatar: The Way of Water (2022),2023-01-01T00:00:00Z,1,24519161,+36,-16,4202,5835.0,425527069,17.0
Avatar: The Way of Water (2022),2023-01-02T00:00:00Z,1,21411622,-13,-34,4202,5096.0,446938691,18.0
Avatar: The Way of Water (2022),2023-01-03T00:00:00Z,1,10544729,-51,-56,4202,2509.0,457483420,19.0
Avatar: The Way of Water (2022),2023-01-04T00:00:00Z,1,7475308,-29,-64,4202,1779.0,464958728,20.0
Avatar: The Way of Water (2022),2023-01-05T00:00:00Z,1,6830651,-9,-66,4202,1626.0,471789379,21.0
Avatar: The Way of Water (2022),2023-01-06T00:00:00Z,2,11421079,+67,-54,4340,2632.0,483210458,22.0
Avatar: The Way of Water (2022),2023-01-07T00:00:00Z,1,20688606,+81,+15,4340,4767.0,503899064,23.0
Avatar: The Way of Water (2022),2023-01-08T00:00:00Z,1,13729301,-34,-44,4340,3163.0,517628365,24.0
Avatar: The Way of Water (2022),2023-01-09T00:00:00Z,1,3478414,-75,-84,4340,801.0,521106779,25.0
Avatar: The Way of Water (2022),2023-01-10T00:00:00Z,1,4547214,+31,-57,4340,1048.0,525653993,26.0
Avatar: The Way of Water (2022),2023-01-11T00:00:00Z,1,3173055,-30,-58,4340,731.0,528827048,27.0
Avatar: The Way of Water (2022),2023-01-12T00:00:00Z,1,2974300,-6,-56,4340,685.0,531801348,28.0
Avatar: The Way of Water (2022),2023-01-13T00:00:00Z,1,7043560,+137,-38,4045,1741.0,538844908,29.0
Avatar: The Way of Water (2022),2023-01-14T00:00:00Z,1,14054064,+100,-32,4045,3474.0,552898972,30.0
Avatar: The Way of Water (2022),2023-01-15T00:00:00Z,1,11727060,-17,-15,4045,2899.0,564626032,31.0
Avatar: The Way of Water (2022),2023-01-16T00:00:00Z,1,7056071,-40,+103,4045,1744.0,571682103,32.0
Avatar: The Way of Water (2022),2023-01-17T00:00:00Z,1,2769211,-61,-39,4045,685.0,574451314,33.0
Avatar: The Way of Water (2022),2023-01-18T00:00:00Z,1,1865293,-33,-41,4045,461.0,576316607,34.0
Avatar: The Way of Water (2022),2023-01-19T00:00:00Z,1,1959746,+5,-34,4045,484.0,578276353,35.0
Avatar: The Way of Water (2022),2023-01-20T00:00:00Z,1,4671161,+138,-34,3790,1232.0,582947514,36.0
Avatar: The Way of Water (2022),2023-01-21T00:00:00Z,1,9454007,+102,-33,3790,2494.0,592401521,37.0
Avatar: The Way of Water (2022),2023-01-22T00:00:00Z,1,6007938,-36,-49,3790,1585.0,598409459,38.0
Avatar: The Way of Water (2022),2023-01-23T00:00:00Z,1,1580745,-74,-78,3790,417.0,599990204,39.0
Avatar: The Way of Water (2022),2023-01-24T00:00:00Z,1,2008398,+27,-27,3790,530.0,601998602,40.0
Avatar: The Way of Water (2022),2023-01-25T00:00:00Z,2,1436130,-28,-23,3790,379.0,603434732,41.0
Avatar: The Way of Water (2022),2023-01-26T00:00:00Z,1,1446039,+1,-26,3790,382.0,604880771,42.0
Avatar: The Way of Water (2022),2023-01-27T00:00:00Z,1,3616215,+150,-23,3600,1005.0,608496986,43.0
Avatar: The Way of Water (2022),2023-01-28T00:00:00Z,1,7921324,+119,-16,3600,2200.0,616418310,44.0
Avatar: The Way of Water (2022),2023-01-29T00:00:00Z,1,4430993,-44,-26,3600,1231.0,620849303,45.0
Avatar: The Way of Water (2022),2023-01-30T00:00:00Z,1,1174887,-73,-26,3600,326.0,622024190,46.0
Avatar: The Way of Water (2022),2023-01-31T00:00:00Z,1,1512270,+29,-25,3600,420.0,623536460,47.0
Avatar: The Way of Water (2022),2023-02-01T00:00:00Z,-,1078480,-29,-25,3600,300.0,624614940,48.0
Avatar: The Way of Water (2022),2023-02-02T00:00:00Z,2,1005502,-7,-30,3600,279.0,625620442,49.0
Avatar: The Way of Water (2022),2023-02-03T00:00:00Z,3,2378815,+137,-34,3310,719.0,627999257,50.0
Avatar: The Way of Water (2022),2023-02-04T00:00:00Z,2,5403420,+127,-32,3310,1632.0,633402677,51.0
Avatar: The Way of Water (2022),2023-02-05T00:00:00Z,2,3553069,-34,-20,3310,1073.0,636955746,52.0
Avatar: The Way of Water (2022),2023-02-06T00:00:00Z,3,718417,-80,-39,3310,217.0,637674163,53.0
Avatar: The Way of Water (2022),2023-02-07T00:00:00Z,3,965824,+34,-36,3310,292.0,638639987,54.0
Avatar: The Way of Water (2022),2023-02-08T00:00:00Z,3,716380,-26,-34,3310,216.0,639356367,55.0
Avatar: The Way of Water (2022),2023-02-09T00:00:00Z,3,679364,-5,-32,3310,205.0,640035731,56.0
Avatar: The Way of Water (2022),2023-02-10T00:00:00Z,4,1716579,+153,-28,3065,560.0,641752310,57.0
Avatar: The Way of Water (2022),2023-02-11T00:00:00Z,1,3881764,+126,-28,3065,1266.0,645634074,58.0
Avatar: The Way of Water (2022),2023-02-12T00:00:00Z,1,1619552,-58,-54,3065,528.0,647253626,59.0
Avatar: The Way of Water (2022),2023-02-13T00:00:00Z,4,690241,-57,-4,3065,225.0,647943867,60.0
Avatar: The Way of Water (2022),2023-02-14T00:00:00Z,2,1799278,+161,+86,3065,587.0,649743145,61.0
Avatar: The Way of Water (2022),2023-02-15T00:00:00Z,4,689282,-62,-4,3065,225.0,650432427,62.0
Puss in Boots: The Last Wish (2022),2022-12-21T00:00:00Z,2,3200250,,,4093,782.0,3200250,1.0
Puss in Boots: The Last Wish (2022),2022-12-22T00:00:00Z,2,2902605,-9,,4093,709.0,6102855,2.0
Puss in Boots: The Last Wish (2022),2022-12-23T00:00:00Z,2,3803345,+31,,4099,928.0,9906200,3.0
Puss in Boots: The Last Wish (2022),2022-12-24T00:00:00Z,2,2792860,-27,,4099,681.0,12699060,4.0
Puss in Boots: The Last Wish (2022),2022-12-25T00:00:00Z,2,5833310,+109,,4099,1423.0,18532370,5.0
Puss in Boots: The Last Wish (2022),2022-12-26T00:00:00Z,2,6821005,+17,,4099,1664.0,26153375,6.0
Puss in Boots: The Last Wish (2022),2022-12-27T00:00:00Z,2,6713220,-2,,4099,1638.0,32866595,7.0
Puss in Boots: The Last Wish (2022),2022-12-28T00:00:00Z,2,5812325,-13,+82,4099,1418.0,38678920,8.0
Puss in Boots: The Last Wish (2022),2022-12-29T00:00:00Z,2,5728410,-1,+97,4099,1398.0,44407330,9.0
Puss in Boots: The Last Wish (2022),2022-12-30T00:00:00Z,2,6529620,+14,+72,4121,1584.0,50936950,10.0
Puss in Boots: The Last Wish (2022),2022-12-31T00:00:00Z,2,4728205,-28,+69,4121,1147.0,55665155,11.0
Puss in Boots: The Last Wish (2022),2023-01-01T00:00:00Z,2,5557515,+18,-5,4121,1349.0,61222670,12.0
Puss in Boots: The Last Wish (2022),2023-01-02T00:00:00Z,2,5808370,+5,-15,4121,1409.0,67031040,13.0
Puss in Boots: The Last Wish (2022),2023-01-03T00:00:00Z,2,3289440,-43,-51,4121,798.0,70320480,14.0
Puss in Boots: The Last Wish (2022),2023-01-04T00:00:00Z,2,2279245,-31,-61,4121,553.0,72599725,15.0
Puss in Boots: The Last Wish (2022),2023-01-05T00:00:00Z,2,1986110,-13,-65,4121,482.0,74585835,16.0
Puss in Boots: The Last Wish (2022),2023-01-06T00:00:00Z,3,3360485,+69,-49,3919,857.0,77946320,17.0
Puss in Boots: The Last Wish (2022),2023-01-07T00:00:00Z,3,5979665,+78,+26,3919,1526.0,83925985,18.0
Puss in Boots: The Last Wish (2022),2023-01-08T00:00:00Z,3,4201180,-30,-24,3919,1072.0,88127165,19.0
Puss in Boots: The Last Wish (2022),2023-01-09T00:00:00Z,3,1127875,-73,-81,3919,288.0,89255040,20.0
Puss in Boots: The Last Wish (2022),2023-01-10T00:00:00Z,3,1502105,+33,-54,3919,383.0,90757145,21.0
Puss in Boots: The Last Wish (2022),2023-01-11T00:00:00Z,3,1136270,-24,-50,3919,290.0,91893415,22.0
Puss in Boots: The Last Wish (2022),2023-01-12T00:00:00Z,3,1076560,-5,-46,3919,275.0,92969975,23.0
Puss in Boots: The Last Wish (2022),2023-01-13T00:00:00Z,5,3068625,+185,-9,3687,832.0,96038600,24.0
Puss in Boots: The Last Wish (2022),2023-01-14T00:00:00Z,3,6068800,+98,+1,3687,1646.0,102107400,25.0
Puss in Boots: The Last Wish (2022),2023-01-15T00:00:00Z,3,5329425,-12,+27,3687,1445.0,107436825,26.0
Puss in Boots: The Last Wish (2022),2023-01-16T00:00:00Z,2,4453955,-16,+295,3687,1208.0,111890780,27.0
Puss in Boots: The Last Wish (2022),2023-01-17T00:00:00Z,4,1247785,-72,-17,3687,338.0,113138565,28.0
Puss in Boots: The Last Wish (2022),2023-01-18T00:00:00Z,4,849535,-32,-25,3687,230.0,113988100,29.0
Puss in Boots: The Last Wish (2022),2023-01-19T00:00:00Z,4,972370,+14,-10,3687,264.0,114960470,30.0
Puss in Boots: The Last Wish (2022),2023-01-20T00:00:00Z,3,2790500,+187,-9,3611,773.0,117750970,31.0
Puss in Boots: The Last Wish (2022),2023-01-21T00:00:00Z,2,5476330,+96,-10,3611,1517.0,123227300,32.0
Puss in Boots: The Last Wish (2022),2023-01-22T00:00:00Z,2,3540525,-35,-34,3611,980.0,126767825,33.0
Puss in Boots: The Last Wish (2022),2023-01-23T00:00:00Z,3,795405,-78,-82,3611,220.0,127563230,34.0
Puss in Boots: The Last Wish (2022),2023-01-24T00:00:00Z,3,1052935,+32,-16,3611,292.0,128616165,35.0
Puss in Boots: The Last Wish (2022),2023-01-25T00:00:00Z,4,793075,-25,-7,3611,220.0,129409240,36.0
Puss in Boots: The Last Wish (2022),2023-01-26T00:00:00Z,4,805670,+2,-17,3611,223.0,130214910,37.0
Puss in Boots: The Last Wish (2022),2023-01-27T00:00:00Z,2,2459930,+205,-12,3452,713.0,132674840,38.0
Puss in Boots: The Last Wish (2022),2023-01-28T00:00:00Z,2,5038780,+105,-8,3452,1460.0,137713620,39.0
Puss in Boots: The Last Wish (2022),2023-01-29T00:00:00Z,2,3000175,-40,-15,3452,869.0,140713795,40.0
Puss in Boots: The Last Wish (2022),2023-01-30T00:00:00Z,2,625260,-79,-21,3452,181.0,141339055,41.0
Puss in Boots: The Last Wish (2022),2023-01-31T00:00:00Z,3,830085,+33,-21,3452,240.0,142169140,42.0
Puss in Boots: The Last Wish (2022),2023-02-01T00:00:00Z,-,603550,-27,-24,3452,175.0,142772690,43.0
Puss in Boots: The Last Wish (2022),2023-02-02T00:00:00Z,-,569980,-6,-29,3452,165.0,143342670,44.0
Puss in Boots: The Last Wish (2022),2023-02-03T00:00:00Z,-,1708590,+200,-31,3290,519.0,145051260,45.0
Puss in Boots: The Last Wish (2022),2023-02-04T00:00:00Z,4,3804540,+123,-24,3290,1156.0,148855800,46.0
Puss in Boots: The Last Wish (2022),2023-02-05T00:00:00Z,4,2365925,-38,-21,3290,719.0,151221725,47.0
Puss in Boots: The Last Wish (2022),2023-02-06T00:00:00Z,4,406570,-83,-35,3290,124.0,151628295,48.0
Puss in Boots: The Last Wish (2022),2023-02-07T00:00:00Z,5,570270,+40,-31,3290,173.0,152198565,49.0
Puss in Boots: The Last Wish (2022),2023-02-08T00:00:00Z,4,405960,-29,-33,3290,123.0,152604525,50.0
Puss in Boots: The Last Wish (2022),2023-02-09T00:00:00Z,-,390680,-4,-31,3290,119.0,152995205,51.0
Puss in Boots: The Last Wish (2022),2023-02-10T00:00:00Z,6,1320415,+238,-23,3227,409.0,154315620,52.0
Puss in Boots: The Last Wish (2022),2023-02-11T00:00:00Z,3,2985045,+126,-22,3227,925.0,157300665,53.0
Puss in Boots: The Last Wish (2022),2023-02-12T00:00:00Z,3,1274305,-57,-46,3227,395.0,158574970,54.0
Puss in Boots: The Last Wish (2022),2023-02-13T00:00:00Z,6,421905,-67,+4,3227,131.0,158996875,55.0
Puss in Boots: The Last Wish (2022),2023-02-14T00:00:00Z,6,1132820,+169,+99,3227,351.0,160129695,56.0
Puss in Boots: The Last Wish (2022),2023-02-15T00:00:00Z,7,373140,-67,-8,3227,116.0,160502835,57.0
M3GAN (2022),2023-01-05T00:00:00Z,P,2750000,,,0,,2750000,
M3GAN (2022),2023-01-06T00:00:00Z,1,11726555,,,3509,3342.0,11726555,1.0
M3GAN (2022),2023-01-07T00:00:00Z,2,11703535,n/c,,3509,3335.0,23430090,2.0
M3GAN (2022),2023-01-08T00:00:00Z,2,6999770,-40,,3509,1995.0,30429860,3.0
M3GAN (2022),2023-01-09T00:00:00Z,2,1985265,-72,,3509,566.0,32415125,4.0
M3GAN (2022),2023-01-10T00:00:00Z,2,2677635,+35,,3509,763.0,35092760,5.0
M3GAN (2022),2023-01-11T00:00:00Z,2,1771975,-34,,3509,505.0,36864735,6.0
M3GAN (2022),2023-01-12T00:00:00Z,2,1668775,-6,,3509,476.0,38533510,7.0
M3GAN (2022),2023-01-13T00:00:00Z,2,4862025,+191,-59,3605,1349.0,43395535,8.0
M3GAN (2022),2023-01-14T00:00:00Z,2,7564380,+56,-35,3605,2098.0,50959915,9.0
M3GAN (2022),2023-01-15T00:00:00Z,2,5879525,-22,-16,3605,1631.0,56839440,10.0
M3GAN (2022),2023-01-16T00:00:00Z,3,3362375,-43,+69,3605,933.0,60201815,11.0
M3GAN (2022),2023-01-17T00:00:00Z,3,1414885,-58,-47,3605,392.0,61616700,12.0
M3GAN (2022),2023-01-18T00:00:00Z,3,881345,-38,-50,3605,244.0,62498045,13.0
M3GAN (2022),2023-01-19T00:00:00Z,3,989465,+12,-41,3605,274.0,63487510,14.0
M3GAN (2022),2023-01-20T00:00:00Z,5,2653730,+168,-45,3628,731.0,66141240,15.0
M3GAN (2022),2023-01-21T00:00:00Z,3,4562850,+72,-40,3628,1258.0,70704090,16.0
M3GAN (2022),2023-01-22T00:00:00Z,3,2488325,-45,-58,3628,686.0,73192415,17.0
M3GAN (2022),2023-01-23T00:00:00Z,4,672595,-73,-80,3628,185.0,73865010,18.0
M3GAN (2022),2023-01-24T00:00:00Z,5,849325,+26,-40,3628,234.0,74714335,19.0
M3GAN (2022),2023-01-25T00:00:00Z,5,585720,-31,-34,3628,161.0,75300055,20.0
M3GAN (2022),2023-01-26T00:00:00Z,6,603670,+3,-39,3628,166.0,75903725,21.0
M3GAN (2022),2023-01-27T00:00:00Z,5,1650010,+173,-38,3416,483.0,77553735,22.0
M3GAN (2022),2023-01-28T00:00:00Z,4,3079305,+87,-33,3416,901.0,80633040,23.0
M3GAN (2022),2023-01-29T00:00:00Z,4,1528930,-50,-39,3416,448.0,82161970,24.0
M3GAN (2022),2023-01-30T00:00:00Z,-,395785,-74,-41,3416,116.0,82557755,25.0
M3GAN (2022),2023-01-31T00:00:00Z,6,500735,+27,-41,3416,147.0,83058490,26.0
M3GAN (2022),2023-02-01T00:00:00Z,-,387715,-23,-34,3416,113.0,83446205,27.0
M3GAN (2022),2023-02-02T00:00:00Z,-,351170,-9,-42,3416,103.0,83797375,28.0
M3GAN (2022),2023-02-03T00:00:00Z,-,956735,+172,-42,2835,337.0,84754110,29.0
M3GAN (2022),2023-02-04T00:00:00Z,-,1862985,+95,-39,2835,657.0,86617095,30.0
M3GAN (2022),2023-02-05T00:00:00Z,-,1021895,-45,-33,2835,360.0,87638990,31.0
M3GAN (2022),2023-02-06T00:00:00Z,-,212100,-79,-46,2835,75.0,87851090,32.0
M3GAN (2022),2023-02-07T00:00:00Z,-,286595,+35,-43,2835,101.0,88137685,33.0
M3GAN (2022),2023-02-08T00:00:00Z,-,214950,-25,-45,2835,76.0,88352635,34.0
M3GAN (2022),2023-02-09T00:00:00Z,-,204915,-5,-42,2835,72.0,88557550,35.0
M3GAN (2022),2023-02-10T00:00:00Z,9,650255,+217,-32,2508,259.0,89207805,36.0
M3GAN (2022),2023-02-11T00:00:00Z,9,1288890,+98,-31,2508,514.0,90496695,37.0
M3GAN (2022),2023-02-12T00:00:00Z,7,472995,-63,-54,2508,189.0,90969690,38.0
M3GAN (2022),2023-02-13T00:00:00Z,9,211295,-55,n/c,2508,84.0,91180985,39.0
M3GAN (2022),2023-02-14T00:00:00Z,9,625995,+196,+118,2508,250.0,91806980,40.0
M3GAN (2022),2023-02-15T00:00:00Z,10,182460,-71,-15,2508,73.0,91989440,41.0
A Man Called Otto (2022),2022-12-30T00:00:00Z,-,22790,,,4,5698.0,22790,1.0
A Man Called Otto (2022),2022-12-31T00:00:00Z,-,16509,-28,,4,4127.0,39299,2.0
A Man Called Otto (2022),2023-01-01T00:00:00Z,-,16958,+3,,4,4240.0,56257,3.0
A Man Called Otto (2022),2023-01-02T00:00:00Z,-,12635,-25,,4,3159.0,68892,4.0
A Man Called Otto (2022),2023-01-03T00:00:00Z,-,6783,-46,,4,1696.0,75675,5.0
A Man Called Otto (2022),2023-01-04T00:00:00Z,-,5191,-23,,4,1298.0,80866,6.0
A Man Called Otto (2022),2023-01-05T00:00:00Z,-,4614,-11,,4,1154.0,85480,7.0
A Man Called Otto (2022),2023-01-06T00:00:00Z,4,1555761,+33618,+6727,637,2442.0,1641241,8.0
A Man Called Otto (2022),2023-01-07T00:00:00Z,4,1676840,+8,+10057,637,2632.0,3318081,9.0
A Man Called Otto (2022),2023-01-08T00:00:00Z,4,969785,-42,+5619,637,1522.0,4287866,10.0
A Man Called Otto (2022),2023-01-09T00:00:00Z,4,364736,-62,+2787,637,573.0,4652602,11.0
A Man Called Otto (2022),2023-01-10T00:00:00Z,4,705107,+93,+10295,637,1107.0,5357709,12.0
A Man Called Otto (2022),2023-01-11T00:00:00Z,4,461922,-34,+8799,637,725.0,5819631,13.0
A Man Called Otto (2022),2023-01-12T00:00:00Z,4,403495,-13,+8645,637,633.0,6223126,14.0
A Man Called Otto (2022),2023-01-13T00:00:00Z,3,4101753,+917,+164,3802,1079.0,10324879,15.0
A Man Called Otto (2022),2023-01-14T00:00:00Z,4,5025295,+23,+200,3802,1322.0,15350174,16.0
A Man Called Otto (2022),2023-01-15T00:00:00Z,4,3701737,-26,+282,3802,974.0,19051911,17.0
A Man Called Otto (2022),2023-01-16T00:00:00Z,4,2574561,-30,+606,3802,677.0,21626472,18.0
A Man Called Otto (2022),2023-01-17T00:00:00Z,2,2188354,-15,+210,3802,576.0,23814826,19.0
A Man Called Otto (2022),2023-01-18T00:00:00Z,2,1227894,-44,+166,3802,323.0,25042720,20.0
A Man Called Otto (2022),2023-01-19T00:00:00Z,2,1303529,+6,+223,3802,343.0,26346249,21.0
A Man Called Otto (2022),2023-01-20T00:00:00Z,4,2702694,+107,-34,3802,711.0,29048943,22.0
A Man Called Otto (2022),2023-01-21T00:00:00Z,4,3854928,+43,-23,3802,1014.0,32903871,23.0
A Man Called Otto (2022),2023-01-22T00:00:00Z,4,2244500,-42,-39,3802,590.0,35148371,24.0
A Man Called Otto (2022),2023-01-23T00:00:00Z,2,854776,-62,-67,3802,225.0,36003147,25.0
A Man Called Otto (2022),2023-01-24T00:00:00Z,2,1567130,+83,-28,3802,412.0,37570277,26.0
A Man Called Otto (2022),2023-01-25T00:00:00Z,3,829732,-47,-32,3802,218.0,38400009,27.0
A Man Called Otto (2022),2023-01-26T00:00:00Z,3,902855,+9,-31,3802,237.0,39302864,28.0
A Man Called Otto (2022),2023-01-27T00:00:00Z,3,1975825,+119,-27,3957,499.0,41278689,29.0
A Man Called Otto (2022),2023-01-28T00:00:00Z,3,3211589,+63,-17,3957,812.0,44490278,30.0
A Man Called Otto (2022),2023-01-29T00:00:00Z,5,1463973,-54,-35,3957,370.0,45954251,31.0
A Man Called Otto (2022),2023-01-30T00:00:00Z,-,601768,-59,-30,3957,152.0,46556019,32.0
A Man Called Otto (2022),2023-01-31T00:00:00Z,2,1044391,+74,-33,3957,264.0,47600410,33.0
A Man Called Otto (2022),2023-02-01T00:00:00Z,-,645579,-38,-22,3957,163.0,48245989,34.0
A Man Called Otto (2022),2023-02-02T00:00:00Z,-,582414,-10,-35,3957,147.0,48828403,35.0
A Man Called Otto (2022),2023-02-03T00:00:00Z,-,1120202,+92,-43,3407,329.0,49948605,36.0
A Man Called Otto (2022),2023-02-04T00:00:00Z,-,1912418,+71,-40,3407,561.0,51861023,37.0
A Man Called Otto (2022),2023-02-05T00:00:00Z,-,1214983,-36,-17,3407,357.0,53076006,38.0
A Man Called Otto (2022),2023-02-06T00:00:00Z,-,330396,-73,-45,3407,97.0,53406402,39.0
A Man Called Otto (2022),2023-02-07T00:00:00Z,4,626135,+90,-40,3407,184.0,54032537,40.0
A Man Called Otto (2022),2023-02-08T00:00:00Z,5,381187,-39,-41,3407,112.0,54413724,41.0
A Man Called Otto (2022),2023-02-09T00:00:00Z,-,366750,-4,-37,3657,100.0,54780474,42.0
A Man Called Otto (2022),2023-02-10T00:00:00Z,7,800003,+118,-29,2824,283.0,55580477,43.0
A Man Called Otto (2022),2023-02-11T00:00:00Z,8,1350784,+69,-29,2824,478.0,56931261,44.0
A Man Called Otto (2022),2023-02-12T00:00:00Z,9,451367,-67,-63,2824,160.0,57382628,45.0
A Man Called Otto (2022),2023-02-13T00:00:00Z,7,298169,-34,-10,2824,106.0,57680797,46.0
A Man Called Otto (2022),2023-02-14T00:00:00Z,7,841613,+182,+34,2824,298.0,58522410,47.0
A Man Called Otto (2022),2023-02-15T00:00:00Z,8,287813,-66,-24,2824,102.0,58810223,48.0
Plane (2023),2023-01-12T00:00:00Z,P,625000,,,0,,625000,
Plane (2023),2023-01-13T00:00:00Z,4,3519013,,,3023,1164.0,3519013,1.0
Plane (2023),2023-01-14T00:00:00Z,5,3840124,+9,,3023,1270.0,7359137,2.0
Plane (2023),2023-01-15T00:00:00Z,5,2906189,-24,,3023,961.0,10265326,3.0
Plane (2023),2023-01-16T00:00:00Z,5,1570348,-46,,3023,519.0,11835674,4.0
Plane (2023),2023-01-17T00:00:00Z,5,1072586,-32,,3023,355.0,12908260,5.0
Plane (2023),2023-01-18T00:00:00Z,5,661239,-38,,3023,219.0,13569499,6.0
Plane (2023),2023-01-19T00:00:00Z,5,686123,+4,,3023,227.0,14255622,7.0
Plane (2023),2023-01-20T00:00:00Z,6,1568123,+129,-55,3060,512.0,15823745,8.0
Plane (2023),2023-01-21T00:00:00Z,6,2382607,+52,-38,3060,779.0,18206352,9.0
Plane (2023),2023-01-22T00:00:00Z,6,1329358,-44,-54,3060,434.0,19535710,10.0
Plane (2023),2023-01-23T00:00:00Z,6,451141,-66,-71,3060,147.0,19986851,11.0
Plane (2023),2023-01-24T00:00:00Z,6,709501,+57,-34,3060,232.0,20696352,12.0
Plane (2023),2023-01-25T00:00:00Z,7,415947,-41,-37,3060,136.0,21112299,13.0
Plane (2023),2023-01-26T00:00:00Z,-,437466,+5,-36,3060,143.0,21549765,14.0
Plane (2023),2023-01-27T00:00:00Z,9,1069107,+144,-32,2852,375.0,22618872,15.0
Plane (2023),2023-01-28T00:00:00Z,7,1883471,+76,-21,2852,660.0,24502343,16.0
Plane (2023),2023-01-29T00:00:00Z,8,862799,-54,-35,2852,303.0,25365142,17.0
Plane (2023),2023-01-30T00:00:00Z,-,303844,-65,-33,2852,107.0,25668986,18.0
Plane (2023),2023-01-31T00:00:00Z,7,469062,+54,-34,2852,164.0,26138048,19.0
Plane (2023),2023-02-01T00:00:00Z,-,294541,-37,-29,2852,103.0,26432589,20.0
Plane (2023),2023-02-02T00:00:00Z,-,238143,-19,-46,2852,84.0,26670732,21.0
Plane (2023),2023-02-03T00:00:00Z,-,556352,+134,-48,2203,253.0,27227084,22.0
Plane (2023),2023-02-04T00:00:00Z,-,1045975,+88,-44,2203,475.0,28273059,23.0
Plane (2023),2023-02-05T00:00:00Z,-,598985,-43,-31,2203,272.0,28872044,24.0
Plane (2023),2023-02-06T00:00:00Z,-,154704,-74,-49,2203,70.0,29026748,25.0
Plane (2023),2023-02-07T00:00:00Z,-,251369,+62,-46,2203,114.0,29278117,26.0
Plane (2023),2023-02-08T00:00:00Z,-,167297,-33,-43,2203,76.0,29445414,27.0
Plane (2023),2023-02-09T00:00:00Z,-,139454,-17,-41,2203,63.0,29584868,28.0
Plane (2023),2023-02-10T00:00:00Z,10,352294,+153,-37,1679,210.0,29937162,29.0
Plane (2023),2023-02-11T00:00:00Z,10,647795,+84,-38,1679,386.0,30584957,30.0
Plane (2023),2023-02-12T00:00:00Z,11,204292,-68,-66,1679,122.0,30789249,31.0
Plane (2023),2023-02-13T00:00:00Z,-,136628,-33,-12,1679,81.0,30925877,32.0
Plane (2023),2023-02-14T00:00:00Z,-,372021,+172,+48,1679,222.0,31297898,33.0
Plane (2023),2023-02-15T00:00:00Z,-,107938,-71,-35,1679,64.0,31405836,34.0
80 for Brady (2023),2023-02-02T00:00:00Z,P,750000,,,0,,1270000,
80 for Brady (2023),2023-02-03T00:00:00Z,2,4625369,,,3912,1182.0,4625369,1.0
80 for Brady (2023),2023-02-04T00:00:00Z,3,4480357,-3,,3912,1145.0,9105726,2.0
80 for Brady (2023),2023-02-05T00:00:00Z,1,3595914,-20,,3912,919.0,12701640,3.0
80 for Brady (2023),2023-02-06T00:00:00Z,1,1210212,-66,,3912,309.0,13911852,4.0
80 for Brady (2023),2023-02-07T00:00:00Z,1,2540127,+110,,3912,649.0,16451979,5.0
80 for Brady (2023),2023-02-08T00:00:00Z,1,1333386,-48,,3912,341.0,17785365,6.0
80 for Brady (2023),2023-02-09T00:00:00Z,1,1184293,-11,,3912,303.0,18969658,7.0
80 for Brady (2023),2023-02-10T00:00:00Z,3,1849260,+56,-60,3939,469.0,20818918,8.0
80 for Brady (2023),2023-02-11T00:00:00Z,4,2824718,+53,-37,3939,717.0,23643636,9.0
80 for Brady (2023),2023-02-12T00:00:00Z,4,1126327,-60,-69,3939,286.0,24769963,10.0
80 for Brady (2023),2023-02-13T00:00:00Z,2,773700,-31,-36,3939,196.0,25543663,11.0
80 for Brady (2023),2023-02-14T00:00:00Z,4,1664918,+115,-34,3939,423.0,27208581,12.0
80 for Brady (2023),2023-02-15T00:00:00Z,2,787148,-53,-41,3939,200.0,27995729,13.0
Missing (2023),2023-01-19T00:00:00Z,P,760000,,,2672,284.0,760000,
Missing (2023),2023-01-20T00:00:00Z,2,3433703,,,3025,1135.0,3433703,1.0
Missing (2023),2023-01-21T00:00:00Z,5,3678378,+7,,3025,1216.0,7112081,2.0
Missing (2023),2023-01-22T00:00:00Z,5,2042614,-44,,3025,675.0,9154695,3.0
Missing (2023),2023-01-23T00:00:00Z,5,635259,-69,,3025,210.0,9789954,4.0
Missing (2023),2023-01-24T00:00:00Z,4,986437,+55,,3025,326.0,10776391,5.0
Missing (2023),2023-01-25T00:00:00Z,6,543286,-45,,3025,180.0,11319677,6.0
Missing (2023),2023-01-26T00:00:00Z,7,574740,+6,,3025,190.0,11894417,7.0
Missing (2023),2023-01-27T00:00:00Z,6,1561509,+172,-55,3025,516.0,13455926,8.0
Missing (2023),2023-01-28T00:00:00Z,6,2738923,+75,-26,3025,905.0,16194849,9.0
Missing (2023),2023-01-29T00:00:00Z,6,1372591,-50,-33,3025,454.0,17567440,10.0
Missing (2023),2023-01-30T00:00:00Z,-,386212,-72,-39,3025,128.0,17953652,11.0
Missing (2023),2023-01-31T00:00:00Z,5,621455,+61,-37,3025,205.0,18575107,12.0
Missing (2023),2023-02-01T00:00:00Z,-,380108,-39,-30,3025,126.0,18955215,13.0
Missing (2023),2023-02-02T00:00:00Z,-,336879,-11,-41,3025,111.0,19292094,14.0
Missing (2023),2023-02-03T00:00:00Z,-,942433,+180,-40,2565,367.0,20234527,15.0
Missing (2023),2023-02-04T00:00:00Z,-,1779851,+89,-35,2565,694.0,22014378,16.0
Missing (2023),2023-02-05T00:00:00Z,-,988591,-44,-28,2565,385.0,23002969,17.0
Missing (2023),2023-02-06T00:00:00Z,-,218966,-78,-43,2565,85.0,23221935,18.0
Missing (2023),2023-02-07T00:00:00Z,6,365250,+67,-41,2565,142.0,23587185,19.0
Missing (2023),2023-02-08T00:00:00Z,6,223642,-39,-41,2565,87.0,23810827,20.0
Missing (2023),2023-02-09T00:00:00Z,-,215294,-4,-36,2565,84.0,24026121,21.0
Missing (2023),2023-02-10T00:00:00Z,8,711828,+231,-24,2315,307.0,24737949,22.0
Missing (2023),2023-02-11T00:00:00Z,7,1380727,+94,-22,2315,596.0,26118676,23.0
Missing (2023),2023-02-12T00:00:00Z,8,459593,-67,-54,2315,199.0,26578269,24.0
Missing (2023),2023-02-13T00:00:00Z,8,236655,-49,+8,2315,102.0,26814924,25.0
Missing (2023),2023-02-14T00:00:00Z,8,774487,+227,+112,2315,335.0,27589411,26.0
Missing (2023),2023-02-15T00:00:00Z,9,220155,-72,-2,2315,95.0,27809566,27.0
Knock at the Cabin (2023),2023-02-02T00:00:00Z,P,1450000,,,0,,1450000,
Knock at the Cabin (2023),2023-02-03T00:00:00Z,1,5409055,,,3643,1485.0,5409055,1.0
Knock at the Cabin (2023),2023-02-04T00:00:00Z,1,5488185,+1,,3643,1507.0,10897240,2.0
Knock at the Cabin (2023),2023-02-05T00:00:00Z,3,3229930,-41,,3643,887.0,14127170,3.0
Knock at the Cabin (2023),2023-02-06T00:00:00Z,2,909670,-72,,3643,250.0,15036840,4.0
Knock at the Cabin (2023),2023-02-07T00:00:00Z,2,1387130,+52,,3643,381.0,16423970,5.0
Knock at the Cabin (2023),2023-02-08T00:00:00Z,2,803700,-42,,3643,221.0,17227670,6.0
Knock at the Cabin (2023),2023-02-09T00:00:00Z,2,718325,-11,,3643,197.0,17945995,7.0
Knock at the Cabin (2023),2023-02-10T00:00:00Z,5,1698120,+136,-69,3657,464.0,19644115,8.0
Knock at the Cabin (2023),2023-02-11T00:00:00Z,5,2818405,+66,-49,3657,771.0,22462520,9.0
Knock at the Cabin (2023),2023-02-12T00:00:00Z,6,909155,-68,-72,3657,249.0,23371675,10.0
Knock at the Cabin (2023),2023-02-13T00:00:00Z,5,564950,-38,-38,3657,154.0,23936625,11.0
Knock at the Cabin (2023),2023-02-14T00:00:00Z,5,1587460,+181,+14,3657,434.0,25524085,12.0
Knock at the Cabin (2023),2023-02-15T00:00:00Z,6,507095,-68,-37,3657,139.0,26031180,13.0
Pathaan (2023),2023-01-25T00:00:00Z,1,1490951,,,647,2304.0,1490951,1.0
Pathaan (2023),2023-01-26T00:00:00Z,2,1107218,-26,,658,1683.0,2598169,2.0
Pathaan (2023),2023-01-27T00:00:00Z,4,1858203,+68,,695,2674.0,4456372,3.0
Pathaan (2023),2023-01-28T00:00:00Z,5,2869758,+54,,695,4129.0,7326130,4.0
Pathaan (2023),2023-01-29T00:00:00Z,3,2164221,-25,,692,3127.0,9490351,5.0
Pathaan (2023),2023-01-30T00:00:00Z,-,586167,-73,,697,841.0,10076518,6.0
Pathaan (2023),2023-01-31T00:00:00Z,4,746335,+27,,697,1071.0,10822853,7.0
Pathaan (2023),2023-02-01T00:00:00Z,-,429563,-42,-71,697,616.0,11252416,8.0
Pathaan (2023),2023-02-02T00:00:00Z,-,326197,-24,-71,697,468.0,11578613,9.0
Pathaan (2023),2023-02-03T00:00:00Z,-,686482,+110,-63,683,1005.0,12265095,10.0
Pathaan (2023),2023-02-04T00:00:00Z,-,1192440,+74,-58,683,1746.0,13457535,11.0
Pathaan (2023),2023-02-05T00:00:00Z,-,804120,-33,-63,683,1177.0,14261655,12.0
Pathaan (2023),2023-02-06T00:00:00Z,-,161350,-80,-72,683,236.0,14423005,13.0
Pathaan (2023),2023-02-07T00:00:00Z,-,299409,+86,-60,683,438.0,14722414,14.0
Pathaan (2023),2023-02-08T00:00:00Z,-,133914,-55,-69,683,196.0,14856328,15.0
Pathaan (2023),2023-02-09T00:00:00Z,-,106722,-20,-67,683,156.0,14963050,16.0
Pathaan (2023),2023-02-10T00:00:00Z,-,262400,+146,-62,492,533.0,15225450,17.0
Pathaan (2023),2023-02-11T00:00:00Z,-,476131,+81,-60,492,968.0,15701581,18.0
Pathaan (2023),2023-02-12T00:00:00Z,10,238023,-50,-70,492,484.0,15939604,19.0
Black Panther: Wakanda Forever (2022),2022-11-10T00:00:00Z,P,28000000,,,0,,28000000,
Black Panther: Wakanda Forever (2022),2022-11-11T00:00:00Z,1,84285721,,,4396,19173.0,84285721,1.0
Black Panther: Wakanda Forever (2022),2022-11-12T00:00:00Z,1,56131051,-33,,4396,12769.0,140416772,2.0
Black Panther: Wakanda Forever (2022),2022-11-13T00:00:00Z,1,40922989,-27,,4396,9309.0,181339761,3.0
Black Panther: Wakanda Forever (2022),2022-11-14T00:00:00Z,1,11125499,-73,,4396,2531.0,192465260,4.0
Black Panther: Wakanda Forever (2022),2022-11-15T00:00:00Z,1,12636707,+14,,4396,2875.0,205101967,5.0
Black Panther: Wakanda Forever (2022),2022-11-16T00:00:00Z,1,8110601,-36,,4396,1845.0,213212568,6.0
Black Panther: Wakanda Forever (2022),2022-11-17T00:00:00Z,1,7480079,-8,,4396,1702.0,220692647,7.0
Black Panther: Wakanda Forever (2022),2022-11-18T00:00:00Z,1,17999138,+141,-79,4396,4094.0,238691785,8.0
Black Panther: Wakanda Forever (2022),2022-11-19T00:00:00Z,1,28772668,+60,-49,4396,6545.0,267464453,9.0
Black Panther: Wakanda Forever (2022),2022-11-20T00:00:00Z,1,19710460,-31,-52,4396,4484.0,287174913,10.0
Black Panther: Wakanda Forever (2022),2022-11-21T00:00:00Z,1,7002759,-64,-37,4396,1593.0,294177672,11.0
Black Panther: Wakanda Forever (2022),2022-11-22T00:00:00Z,1,9492924,+36,-25,4396,2159.0,303670596,12.0
Black Panther: Wakanda Forever (2022),2022-11-23T00:00:00Z,1,10052869,+6,+24,4258,2361.0,313723465,13.0
Black Panther: Wakanda Forever (2022),2022-11-24T00:00:00Z,1,8164083,-19,+9,4258,1917.0,321887548,14.0
Black Panther: Wakanda Forever (2022),2022-11-25T00:00:00Z,1,18230476,+123,+1,4258,4281.0,340118024,15.0
Black Panther: Wakanda Forever (2022),2022-11-26T00:00:00Z,1,17599193,-3,-39,4258,4133.0,357717217,16.0
Black Panther: Wakanda Forever (2022),2022-11-27T00:00:00Z,1,9754235,-45,-51,4258,2291.0,367471452,17.0
Black Panther: Wakanda Forever (2022),2022-11-28T00:00:00Z,1,2208258,-77,-68,4258,519.0,369679710,18.0
Black Panther: Wakanda Forever (2022),2022-11-29T00:00:00Z,1,2681411,+21,-72,4258,630.0,372361121,19.0
Black Panther: Wakanda Forever (2022),2022-11-30T00:00:00Z,1,1918716,-28,-81,4258,451.0,374279837,20.0
Black Panther: Wakanda Forever (2022),2022-12-01T00:00:00Z,1,1851240,-4,-77,4258,435.0,376131077,21.0
Black Panther: Wakanda Forever (2022),2022-12-02T00:00:00Z,2,4459381,+141,-76,3855,1157.0,380590458,22.0
Black Panther: Wakanda Forever (2022),2022-12-03T00:00:00Z,1,8171837,+83,-54,3855,2120.0,388762295,23.0
Black Panther: Wakanda Forever (2022),2022-12-04T00:00:00Z,1,4908833,-40,-50,3855,1273.0,393671128,24.0
Black Panther: Wakanda Forever (2022),2022-12-05T00:00:00Z,1,1162850,-76,-47,3855,302.0,394833978,25.0
Black Panther: Wakanda Forever (2022),2022-12-06T00:00:00Z,1,1567075,+35,-42,3855,407.0,396401053,26.0
Black Panther: Wakanda Forever (2022),2022-12-07T00:00:00Z,1,1144653,-27,-40,3855,297.0,397545706,27.0
Black Panther: Wakanda Forever (2022),2022-12-08T00:00:00Z,1,1165072,+2,-37,3855,302.0,398710778,28.0
Black Panther: Wakanda Forever (2022),2022-12-09T00:00:00Z,1,2860689,+146,-36,3725,768.0,401571467,29.0
Black Panther: Wakanda Forever (2022),2022-12-10T00:00:00Z,1,5178818,+81,-37,3725,1390.0,406750285,30.0
Black Panther: Wakanda Forever (2022),2022-12-11T00:00:00Z,1,3195195,-38,-35,3725,858.0,409945480,31.0
Black Panther: Wakanda Forever (2022),2022-12-12T00:00:00Z,1,903453,-72,-22,3725,243.0,410848933,32.0
Black Panther: Wakanda Forever (2022),2022-12-13T00:00:00Z,1,1144342,+27,-27,3725,307.0,411993275,33.0
Black Panther: Wakanda Forever (2022),2022-12-14T00:00:00Z,1,909059,-21,-21,3725,244.0,412902334,34.0
Black Panther: Wakanda Forever (2022),2022-12-15T00:00:00Z,1,688851,-24,-41,3725,185.0,413591185,35.0
Black Panther: Wakanda Forever (2022),2022-12-16T00:00:00Z,2,1459454,+112,-49,3380,432.0,415050639,36.0
Black Panther: Wakanda Forever (2022),2022-12-17T00:00:00Z,2,2274228,+56,-56,3380,673.0,417324867,37.0
Black Panther: Wakanda Forever (2022),2022-12-18T00:00:00Z,2,1613161,-29,-50,3380,477.0,418938028,38.0
Black Panther: Wakanda Forever (2022),2022-12-19T00:00:00Z,2,836634,-48,-7,3380,248.0,419774662,39.0
Black Panther: Wakanda Forever (2022),2022-12-20T00:00:00Z,2,1100937,+32,-4,3380,326.0,420875599,40.0
Black Panther: Wakanda Forever (2022),2022-12-21T00:00:00Z,3,898080,-18,-1,3380,266.0,421773679,41.0
Black Panther: Wakanda Forever (2022),2022-12-22T00:00:00Z,3,881722,-2,+28,3380,261.0,422655401,42.0
Black Panther: Wakanda Forever (2022),2022-12-23T00:00:00Z,5,986968,+12,-32,2250,439.0,423642369,43.0
Black Panther: Wakanda Forever (2022),2022-12-24T00:00:00Z,4,785679,-20,-65,2250,349.0,424428048,44.0
Black Panther: Wakanda Forever (2022),2022-12-25T00:00:00Z,5,1719937,+119,+7,2250,764.0,426147985,45.0
Black Panther: Wakanda Forever (2022),2022-12-26T00:00:00Z,3,2014246,+17,+141,2250,895.0,428162231,46.0
Black Panther: Wakanda Forever (2022),2022-12-27T00:00:00Z,3,1784546,-11,+62,2250,793.0,429946777,47.0
Black Panther: Wakanda Forever (2022),2022-12-28T00:00:00Z,3,1608074,-10,+79,2250,715.0,431554851,48.0
Black Panther: Wakanda Forever (2022),2022-12-29T00:00:00Z,3,1590802,-1,+80,2250,707.0,433145653,49.0
Black Panther: Wakanda Forever (2022),2022-12-30T00:00:00Z,3,1931001,+21,+96,2310,836.0,435076654,50.0
Black Panther: Wakanda Forever (2022),2022-12-31T00:00:00Z,3,1422992,-26,+81,2310,616.0,436499646,51.0
Black Panther: Wakanda Forever (2022),2023-01-01T00:00:00Z,3,1791721,+26,+4,2310,776.0,438291367,52.0
Black Panther: Wakanda Forever (2022),2023-01-02T00:00:00Z,3,1643640,-8,-18,2310,712.0,439935007,53.0
Black Panther: Wakanda Forever (2022),2023-01-03T00:00:00Z,3,852850,-48,-52,2310,369.0,440787857,54.0
Black Panther: Wakanda Forever (2022),2023-01-04T00:00:00Z,3,665349,-22,-59,2310,288.0,441453206,55.0
Black Panther: Wakanda Forever (2022),2023-01-05T00:00:00Z,3,586410,-12,-63,2310,254.0,442039616,56.0
Black Panther: Wakanda Forever (2022),2023-01-06T00:00:00Z,5,972586,+66,-50,2255,431.0,443012202,57.0
Black Panther: Wakanda Forever (2022),2023-01-07T00:00:00Z,5,1600077,+65,+12,2255,710.0,444612279,58.0
Black Panther: Wakanda Forever (2022),2023-01-08T00:00:00Z,5,950793,-41,-47,2255,422.0,445563072,59.0
Black Panther: Wakanda Forever (2022),2023-01-09T00:00:00Z,5,323653,-66,-80,2255,144.0,445886725,60.0
Black Panther: Wakanda Forever (2022),2023-01-10T00:00:00Z,5,393707,+22,-54,2255,175.0,446280432,61.0
Black Panther: Wakanda Forever (2022),2023-01-11T00:00:00Z,6,332614,-16,-50,2255,148.0,446613046,62.0
Black Panther: Wakanda Forever (2022),2023-01-12T00:00:00Z,5,299326,-10,-49,2255,133.0,446912372,63.0
Black Panther: Wakanda Forever (2022),2023-01-13T00:00:00Z,7,544042,+82,-44,1910,285.0,447456414,64.0
Black Panther: Wakanda Forever (2022),2023-01-14T00:00:00Z,7,1058974,+95,-34,1910,554.0,448515388,65.0
Black Panther: Wakanda Forever (2022),2023-01-15T00:00:00Z,7,862247,-19,-9,1910,451.0,449377635,66.0
Black Panther: Wakanda Forever (2022),2023-01-16T00:00:00Z,6,634523,-26,+96,1910,332.0,450012158,67.0
Black Panther: Wakanda Forever (2022),2023-01-17T00:00:00Z,8,189032,-70,-52,1910,99.0,450201190,68.0
Black Panther: Wakanda Forever (2022),2023-01-18T00:00:00Z,8,135713,-28,-59,1910,71.0,450336903,69.0
Black Panther: Wakanda Forever (2022),2023-01-19T00:00:00Z,8,143849,+6,-52,1910,75.0,450480752,70.0
Black Panther: Wakanda Forever (2022),2023-01-20T00:00:00Z,10,337361,+135,-38,1525,221.0,450818113,71.0
Black Panther: Wakanda Forever (2022),2023-01-21T00:00:00Z,8,668848,+98,-37,1525,439.0,451486961,72.0
Black Panther: Wakanda Forever (2022),2023-01-22T00:00:00Z,9,356400,-47,-59,1525,234.0,451843361,73.0
Black Panther: Wakanda Forever (2022),2023-01-23T00:00:00Z,-,108772,-69,-83,1525,71.0,451952133,74.0
Black Panther: Wakanda Forever (2022),2023-01-24T00:00:00Z,-,125116,+15,-34,1525,82.0,452077249,75.0
Black Panther: Wakanda Forever (2022),2023-01-25T00:00:00Z,-,97770,-22,-28,1525,64.0,452175019,76.0
Black Panther: Wakanda Forever (2022),2023-01-26T00:00:00Z,-,98874,+1,-31,1525,65.0,452273893,77.0
Black Panther: Wakanda Forever (2022),2023-01-27T00:00:00Z,-,177985,+80,-47,1030,173.0,452451878,78.0
Black Panther: Wakanda Forever (2022),2023-01-28T00:00:00Z,15,390221,+119,-42,1030,379.0,452842099,79.0
Black Panther: Wakanda Forever (2022),2023-01-29T00:00:00Z,15,189369,-51,-47,1030,184.0,453031468,80.0
Black Panther: Wakanda Forever (2022),2023-01-30T00:00:00Z,-,60830,-68,-44,1030,59.0,453092298,81.0
Black Panther: Wakanda Forever (2022),2023-01-31T00:00:00Z,-,63982,+5,-49,1030,62.0,453156280,82.0
Black Panther: Wakanda Forever (2022),2023-02-01T00:00:00Z,-,53475,-16,-45,1030,52.0,453209755,83.0
Black Panther: Wakanda Forever (2022),2023-02-02T00:00:00Z,-,41845,-22,-58,1030,41.0,453251600,84.0
Black Panther: Wakanda Forever (2022),2023-02-03T00:00:00Z,-,48823,+17,-73,430,114.0,453300423,85.0
Black Panther: Wakanda Forever (2022),2023-02-04T00:00:00Z,-,111125,+128,-72,430,258.0,453411548,86.0
Black Panther: Wakanda Forever (2022),2023-02-05T00:00:00Z,-,62776,-44,-67,430,146.0,453474324,87.0
Black Panther: Wakanda Forever (2022),2023-02-06T00:00:00Z,-,17097,-73,-72,430,40.0,453491421,88.0
Black Panther: Wakanda Forever (2022),2023-02-07T00:00:00Z,-,20871,+22,-67,430,49.0,453512292,89.0
Black Panther: Wakanda Forever (2022),2023-02-08T00:00:00Z,-,18155,-13,-66,430,42.0,453530447,90.0
Black Panther: Wakanda Forever (2022),2023-02-09T00:00:00Z,-,15932,-12,-62,430,37.0,453546379,91.0
Black Panther: Wakanda Forever (2022),2023-02-10T00:00:00Z,-,19332,+21,-60,200,97.0,453565711,92.0
Black Panther: Wakanda Forever (2022),2023-02-11T00:00:00Z,-,43378,+124,-61,200,217.0,453609089,93.0
Black Panther: Wakanda Forever (2022),2023-02-12T00:00:00Z,-,17236,-60,-73,200,86.0,453626325,94.0
Black Panther: Wakanda Forever (2022),2023-02-13T00:00:00Z,-,8687,-50,-49,200,43.0,453635012,95.0
Black Panther: Wakanda Forever (2022),2023-02-14T00:00:00Z,-,20034,+131,-4,200,100.0,453655046,96.0
Black Panther: Wakanda Forever (2022),2023-02-15T00:00:00Z,-,8623,-57,-53,200,43.0,453663669,97.0
